{
  "model_type": "RandomForest",
  "training_samples": 5698,
  "test_samples": 1345,
  "features_used": 19,
  "training_time_seconds": 154.20539355278015,
  "evaluation": {
    "accuracy": 0.7717472118959108,
    "f1_score": 0.7645646992497098,
    "precision": 0.7607425774966641,
    "recall": 0.7717472118959108
  }
}