{
  "model_type": "RandomForest",
  "training_samples": 5698,
  "test_samples": 1345,
  "features_used": 18,
  "training_time_seconds": 139.7871572971344,
  "evaluation": {
    "accuracy": 0.7754646840148699,
    "f1_score": 0.7659686313373777,
    "precision": 0.7622269205623269,
    "recall": 0.7754646840148699
  }
}